Name,Gender
Miri,2
Pavel,Male
C,l,o,l,l,k,l,n
N,a,m,u,s,h
Namush
Tuti
Tutik
Tutiko
Tutikop
CCH
J.K.
Chris
Chris
J.K.
Bingbing
A.J.
Kelly
Tzi
Robin
Channing
Chloë
Chris
J.K.
Bernie
Robin
Chris
Chris
Chloë
Channing
Toby
Robin
J.K.
Chris
J.K.
Channing
Chris
Robin
Toby
Alfre
Robin
J.K.
Chris
Morgan
Chris
Noel
Phaldut
Jamie
Robin
Mahadeo
Del
Cary-Hiroyuki
Jamie
CCH
Jamie
Chris
Rosario
Chris
Ming-Na
Robin
Morgan
Alun
Robin
Paddy
Robin
F.
Li
Morgan
Morgan
Rosario
Robin
Rosario
Quincy
Robin
Sariann
J.K.
Morgan
Bai
Robin
Raven-Symoné
Rory
Robin
LeVar
Noel
Channing
Theo
LL
Morgan
Chris
Morgan
Morgan
Quvenzhané
Verne
Si
Dorian
Taylor
Ki
LL
Snoop
J.K.
Romany
Morgan
Robin
Blair
Bojana
Sunny
Chris
Dougray
Li
Kelly
Odeya
Taylor
Taylor
Chris
Jaime
Lupe
Robin
Channing
Jamie
Fann
Scoot
Toby
Channing
Taylor
Shô
J.K.
Li
J.D.
Robin
Morgan
Chris
Kelly
P.J.
Donatas
LeVar
Morgan
Channing
LL
Demián
Malese
Cary-Hiroyuki
Li
F.
Morgan
Channing
Morgan
Bono
Carmen
Kelly
Bokeem
Rosario
J.K.
Chloë
J.K.
Busy
J.K.
50
Rosario
Bobbie
Mary-Kate
Bernie
M.
Chris
Chris
Tamannaah
Arliss
LeVar
D.B.
J.K.
Mo'Nique
Hayden
Chloë
J.K.
Chris
Morgan
Laura-Leigh
Bernie
Morgan
Blair
Stockard
Bernie
Rene
Bernie
Chris
Alfre
Chloë
Robin
Robin
Stockard
J.K.
Danneel
Tatum
Ming-Na
Shannon
Marley
Ki
Rumi
Terry
Lin
Channing
Robin
Chris
Channing
Stockard
Morgan
Sharlto
J.K.
Robin
Mehcad
Bojana
Chris
Carmen
Chloë
Alfre
Bernie
Channing
Devin
Rainn
Bernie
Morgan
Ólafur
Channing
Dong-gun
Bingbing
Terry
Paz
Toby
Robin
Morgan
Zoë
Tenzin
Chloë
Mo'Nique
J.K.
Morgan
Jackie
Meat
LL
Kim-Marie
Jamie
Robin
Toby
Kelly
Lee
Darcy
Kelly
Cary-Hiroyuki
J.K.
Alfre
Alfre
Channing
Robin
Alexis
Ari
Morgan
Jere
Channing
Chris
Chris
Chris
Robin
Cheech
Lin
Meat
Dallas
François
Scout
Siu-Wong
Romany
Gerry
Morgan
Willie
Channing
Bingbing
Radivoje
Chris
Rosario
CCH
Chris
Jamie
Busy
Kelly
Quvenzhané
Lamman
Robin
Violante
Jamie
Leighton
Kurtwood
Mako
Shengyi
Carmen
Chris
Aasif
Taylor
Chloë
Chris
LeVar
Chriss
Jiao
Necar
Joey
Toby
Shannon
Scatman
Taran
Mem
Bunta
Luenell
Bernie
Ming-Na
Hulk
Jamie
Mako
J.K.
Tadanobu
Fionnula
Chris
Jamie
Emmanuelle
Morgan
T.I.
DeRay
Robin
Bérénice
Leslie
Mo'Nique
Leighton
Bolo
J.K.
Lochlyn
Rosario
Mo'Nique
Paz
Taylor
Cary-Hiroyuki
Chen
Kelly
Bex
Morgan
Chloë
Jamie
Frankie
Rae'Ven
Chris
Scout
Jamie
Robin
Jessie
Alfre
Kim
Kieran
Kelly
Leighton
Yuri
Bono
J.K.
Robin
Meat
Nirut
Channing
Bingbing
María
Jensen
Chris
Carmen
Chris
Alfre
Frankie
Emmanuelle
Lesley
Woo-sung
Noel
Belén
Robin
Óscar
Chris
Bokeem
Leslie
Toby
Willie
Mo'Nique
Yuki
J.K.
LL
Rosario
Toby
Min-sik
Chris
Channing
Danneel
Robin
Chloë
Rosario
Tammin
Devin
CCH
Noel
Bernie
Common
Jürgen
Doona
Kieran
Li
Marcell
Honglei
Ye
Miko
Paddy
Wei
Chloë
Lee
Shannon
Jaime
Phyllida
Robin
Mo'Nique
Bojana
Lin
Ari
Marley
Busy
Kurtwood
Demián
Chris
Naseeruddin
Wei
Robin
Chris
Teryl
Ingvar
Sendhil
Jimi
Kang-ho
Hayden
Mem
Carmen
Bárbara
Topol
Noel
Rosario
Kieran
Jung-min
Sarunyu
Lesley
Q'orianka
Hayden
Dee
Bjørn
Yu-mi
Necati
Miko
J.K.
Cary-Hiroyuki
Zoë
Kurtwood
Leehom
Morgan
Françoise
J.K.
J.K.
J.K.
J.K.
Channing
MyAnna
LL
Jensen
Hayden
Taylor
Lynn
Chris
Rory
Alfre
Robin
Lochlyn
Sammo
J.K.
Hayden
Stockard
Mary-Kate
Lesley-Anne
Benoît
Bingbing
Noam
Asin
Jean-Baptiste
Alexis
Jean-Pierre
Kim
Campbell
Lin
Emmanuelle
Lin
Busy
Bernie
Marie-Josée
Hayden
Kim
Dana
Akshaye
Ocean
Mikal
Udo
Bhama
Zoë
Dana
Mía
Jaime
Jan
Min-sik
Scatman
Yangzom
Dorian
Cary-Hiroyuki
Angell
Mo'Nique
Robin
Kelly
Robin
Robin
Morgan
Snoop
Ta'Rhonda
Chris
Morgan
J.K.
François
Lee
Honor
Kelly
Bernie
Li
Common
Blair
Mo'Nique
Terry
Min-sik
Bokeem
Taylor
Lee
Noel
Bokeem
Ann-Margret
Lee
Cécile
Q'orianka
Bhavkhandan
Iben
Lee
Rijk
Gerry
Scout
Hanno
Bernie
Jossara
Jørgen
Carroll
Maika
Michel
Najarra
J.K.
Sook-Yin
Ari
Campbell
Robin
Merritt
MyAnna
Rapulana
Mircea
Noel
Chloë
Damián
Quvenzhané
Tshewang
Paddy
Nawazuddin
Bolo
Rosario
Honglei
Lin
Del
Jessy
Dorian
Lee
Brighton
Mía
Noel
Naseeruddin
Robin
Déborah
Marley
Seregon
Paddy
Terry
Chris
Iko
Jamie
W.
J.K.
Odeya
Cheech
Leslie
Pelé
G.W.
Lynn
Álex
Rosario
Bokeem
Ari
Leslie
Bjørn
Taylor
MyAnna
Jean-Louis
Dichen
Mehcad
Alfre
Stacy
François
Jamie
Bhole
Terry
Kirby
Kirby
Rory
Scoot
Daston
Chris
Devin
Micah
Sendhil
R.
Jamie
Embeth
Jean-Paul
Taran
Rumi
Aunjanue
Lupe
Stacy
Devid
Channing
R.
Bahare
S.
Iulia
Robin
Temple
Naderev
Ariel
J.D.
Pfeifer
Kieran
Fay
Brighton
Noam
Chemeeka
Chris
Lin
Jan
Stacy
Tjasa
Robbie
Divine
Fereshteh
Kôji
Kerry
